{
  "sport": "nba",
  "metrics": {
    "mae": 1.1028751342230536,
    "rmse": 1.7435700050286826,
    "mape": 0.05376920690352571,
    "r2": 0.9082517286830021,
    "mae_pct_of_average": 0.041641516617894475,
    "interval_coverage_80": 0.8333333333333334
  }
}