{
  "sport": "football",
  "metrics": {
    "mae": 0.12170908435881879,
    "rmse": 0.17953536224478253,
    "mape": 0.025372870219743784,
    "r2": 0.915862713966853,
    "mae_pct_of_average": 0.02503579535859002,
    "interval_coverage_80": 0.9388888888888889
  }
}