{
  "sport": "cricket",
  "metrics": {
    "mae": 0.598349857641341,
    "rmse": 0.9847900888125001,
    "mape": 0.02980597075183051,
    "r2": 0.9465428990835887,
    "mae_pct_of_average": 0.027284677053604618,
    "interval_coverage_80": 0.9111111111111111
  }
}